{"fibonacci/fibonacci":{"C":{"10":[150.56554099917412,7.189416006207466,6.230291992425919,5.345333993434906,5.194666996598244,5.530750006437302,4.058458000421524,4.289250001311302,4.327916011214256,3.8247919976711273]},"HovmInterpreter":{"10":[4.588791996240616,4.611249998211861,5.277125000953674,4.16975000500679,4.492249995470047,4.982666999101639,4.172625005245209,3.760666012763977,3.69241701066494,4.264416992664337]},"HovmCompile":{"10":[276.3188339918852,57.20116600394249,55.99970901012421,56.33858299255371,56.27983300387859,56.897707998752594,56.484666004776955,55.89091698825359,55.84512500464916,56.8429160118103]},"Haskell":{"10":[223.93241700530052,57.013459011912346,41.67908300459385,42.18170899152756,42.35841700434685,41.85133299231529,40.63145799934864,42.193999990820885,41.32175000011921,41.71875]}},"Composition/compose_id":{"C":{},"HovmInterpreter":{"4":[4.977708995342255,4.2502919882535934,3.923083007335663,3.7346669882535934,3.808875009417534,4.255584001541138,3.8987500071525574,3.497291997075081,4.242582991719246,4.360290989279747]},"HovmCompile":{"4":[275.3016659915447,56.7664579898119,56.671749994158745,56.21866700053215,56.05087499320507,56.4609580039978,56.20700000226498,57.92079199850559,57.013374999165535,55.75916700065136]},"Haskell":{"4":[173.13179099559784,23.640042006969452,22.085959002375603,20.64954200387001,21.022416010499,20.275625005364418,19.586042001843452,16.800708010792732,18.267958998680115,16.21612499654293]}}}